{
    "Drone1_Noon_1_2_11": {
        "min": [
            -3.8554663307473347,
            4.142673942552548,
            -1.361180861705003
        ],
        "max": [
            -1.7258591470403704,
            9.851279003294032,
            0.1266367888511316
        ]
    },
    "Drone1_Noon_1_2_2": {
        "min": [
            -3.4371660207656327,
            -1.0825137533469635,
            -1.4385365500940226
        ],
        "max": [
            -0.16140114538480707,
            4.6266495368072045,
            -1.005232399592839
        ]
    },
    "Drone1_Noon_1_2_4": {
        "min": [
            -2.420651842815937,
            -2.0579606227196394,
            -1.3456264293808284
        ],
        "max": [
            0.632962321571223,
            4.515543674986176,
            -0.9527162269247211
        ]
    },
    "Drone1_Noon_1_2_6": {
        "min": [
            -4.983756170886714,
            -0.000386626854143628,
            -1.1723061215184414
        ],
        "max": [
            -2.716704426813653,
            3.3912733732725586,
            -0.9784070136533256
        ]
    },
    "Drone1_Noon_1_2_8": {
        "min": [
            -6.525863746285534,
            -1.5180186780763916,
            -1.2035431177270457
        ],
        "max": [
            -5.185957132008194,
            2.463277036007814,
            -0.9811323464640588
        ]
    },
    "Drone1_Noon_1_2_9": {
        "min": [
            -5.714422712149948,
            4.732615159895813,
            -1.3322701710243574
        ],
        "max": [
            -0.3409602992111276,
            10.124723275883683,
            -1.1729044764012735
        ]
    },
    "Drone2_Noon_2_2_11": {
        "min": [
            -7.740249186821035,
            2.1205283486818733,
            -1.254992168719003
        ],
        "max": [
            -4.816267716493921,
            6.6725220967514565,
            -0.2594361558055629
        ]
    },
    "Drone2_Noon_2_2_2": {
        "min": [
            -0.2956401120114057,
            -1.0118694946660332,
            -0.24599146104118608
        ],
        "max": [
            0.2654623369892351,
            4.918596556228591,
            -0.014091995623747765
        ]
    },
    "Drone2_Noon_2_2_4": {
        "min": [
            -6.797849845179738,
            -0.034362996613240514,
            -1.1131682687917956
        ],
        "max": [
            1.5384428317230263,
            0.6107759904341648,
            0.12368798505016379
        ]
    },
    "Drone2_Noon_2_2_8": {
        "min": [
            -1.5276378555796646,
            0.1648813911096669,
            -1.2942708554312676
        ],
        "max": [
            -1.4465955757899709,
            0.27943073504771987,
            1.2528668786579003
        ]
    },
    "Drone2_Noon_2_2_9": {
        "min": [
            -6.740701220547449,
            3.0778470000150437,
            -0.22362204174023204
        ],
        "max": [
            -0.4159105044937116,
            8.430135694424191,
            -0.10370920183899889
        ]
    }
}