{
    "Drone1_Morning_1_1_10": {
        "min": [
            -1.9170298090365983,
            4.193673883556887,
            -0.3253633554375052
        ],
        "max": [
            0.7943896601838661,
            9.910322588233418,
            0.8744610501638613
        ]
    },
    "Drone1_Morning_1_1_11": {
        "min": [
            -0.34258948371167347,
            7.3682911774711135,
            2.152619208796086
        ],
        "max": [
            0.35829324313246036,
            11.363474127109866,
            2.2414974342912033
        ]
    },
    "Drone1_Morning_1_1_1": {
        "min": [
            -1.2208503654433762,
            -0.12927408459298975,
            -0.10668063184239267
        ],
        "max": [
            3.456448417037026,
            6.030789036061122,
            1.4844927812963729
        ]
    },
    "Drone1_Morning_1_1_2": {
        "min": [
            -1.095705450474465,
            0.03837846279132069,
            -0.5238496601311472
        ],
        "max": [
            5.911731771646531,
            6.9136570265615935,
            0.4247970803865063
        ]
    },
    "Drone1_Morning_1_1_3": {
        "min": [
            0.5385622237712404,
            0.756874975080211,
            -0.10830850066871552
        ],
        "max": [
            7.335827926849208,
            9.856557427639311,
            1.5116364432934026
        ]
    },
    "Drone1_Morning_1_1_4": {
        "min": [
            -1.8181959861085213,
            3.041180475390449,
            1.0412498680019964
        ],
        "max": [
            0.45853170852478575,
            10.411096582213759,
            1.4171631087904277
        ]
    },
    "Drone1_Morning_1_1_7": {
        "min": [
            -1.0164683691943164,
            -1.237731108390559,
            1.3428675250748152
        ],
        "max": [
            7.828056592185046,
            12.301034443652052,
            1.7507289162068942
        ]
    },
    "Drone2_Morning_2_1_10": {
        "min": [
            2.6554920465577636,
            2.1868353355786,
            -0.29626154612025524
        ],
        "max": [
            2.8555753937566934,
            2.4199741449302934,
            1.3333421321332495
        ]
    },
    "Drone2_Morning_2_1_1": {
        "min": [
            5.422495720647942,
            2.1257050671841813,
            0.17876813806142583
        ],
        "max": [
            10.475475930806915,
            4.252636856567268,
            1.5132202137329283
        ]
    },
    "Drone2_Morning_2_1_2": {
        "min": [
            -2.629944596733347,
            1.0293172438206264,
            1.2224020539312763
        ],
        "max": [
            0.9676888651248174,
            2.310653530687437,
            2.23829775035572
        ]
    },
    "Drone2_Morning_2_1_3": {
        "min": [
            -0.07786893910680576,
            -0.06191978869867639,
            -0.20266936141323438
        ],
        "max": [
            7.275283150582673,
            4.165200872273607,
            1.4987094396190432
        ]
    },
    "Drone2_Morning_2_1_4": {
        "min": [
            -1.0770018140579793,
            1.9762935530542423,
            -0.2843429265663106
        ],
        "max": [
            4.423013572372931,
            7.7186395583679115,
            -0.0338023673191498
        ]
    },
    "Drone2_Morning_2_1_6": {
        "min": [
            -0.7341023559535438,
            5.9222081102631785,
            -0.2456895108749678
        ],
        "max": [
            3.9095660633385254,
            10.92928752571577,
            1.943382135585163
        ]
    },
    "Drone2_Morning_2_1_7": {
        "min": [
            2.7242087248332534,
            2.347844731861217,
            0.2800344242180721
        ],
        "max": [
            2.8988526765716998,
            2.44233112157127,
            0.6404738855014009
        ]
    }
}